Category,Product,Price,UserName,UserID,Rating,Eyecolor,Haircolor,Skintone,SwatchID,R,G,B
lipstick,IT Cosmetics Pillow Lips Collagen-Infused Lipstick,24.0,momof383,9212610052,5,green,black,tan,2322394,175.94135802469137,94.05864197530865,98.27854938271605
lipstick,IT Cosmetics Pillow Lips Collagen-Infused Lipstick,24.0,JesaLore,22431466378,5,green,brunette,porcelain,2322246,211.44135802469137,77.01157407407408,107.3070987654321
lipstick,IT Cosmetics Pillow Lips Collagen-Infused Lipstick,24.0,,5356758732,5,brown,auburn,deep,2322394,175.94135802469137,94.05864197530865,98.27854938271605
lipstick,IT Cosmetics Pillow Lips Collagen-Infused Lipstick,24.0,keesha82,24754067310,5,hazel,brunette,tan,2322394,175.94135802469137,94.05864197530865,98.27854938271605
lipstick,IT Cosmetics Pillow Lips Collagen-Infused Lipstick,24.0,AmberleyNolan,2759826486,5,blue,red,fair,2322287,216.59104938271605,59.344907407407405,81.39351851851852
lipstick,IT Cosmetics Pillow Lips Collagen-Infused Lipstick,24.0,samantha775,24255786680,5,blue,brunette,fair,2322246,211.44135802469137,77.01157407407408,107.3070987654321
lipstick,IT Cosmetics Pillow Lips Collagen-Infused Lipstick,24.0,jenn0421,24763206599,5,hazel,brunette,tan,2322394,175.94135802469137,94.05864197530865,98.27854938271605
lipstick,IT Cosmetics Pillow Lips Collagen-Infused Lipstick,24.0,gabizago,8253254909,5,brown,brunette,medium,2322360,177.33179012345678,79.26851851851852,83.45601851851852
lipstick,IT Cosmetics Pillow Lips Collagen-Infused Lipstick,24.0,beautyxox18,8445434738,5,brown,brunette,light,2322394,175.94135802469137,94.05864197530865,98.27854938271605
lipstick,IT Cosmetics Pillow Lips Collagen-Infused Lipstick,24.0,FrancisV,7711978128,5,green,brunette,light,2322360,177.33179012345678,79.26851851851852,83.45601851851852
lipstick,IT Cosmetics Pillow Lips Collagen-Infused Lipstick,24.0,BambiBenet,1502044368,5,green,blonde,fair,2322329,202.3695987654321,97.83333333333333,123.5
lipstick,IT Cosmetics Pillow Lips Collagen-Infused Lipstick,24.0,Krista155,2833384737,5,brown,brunette,light,2322394,175.94135802469137,94.05864197530865,98.27854938271605
lipstick,IT Cosmetics Pillow Lips Collagen-Infused Lipstick,24.0,sebeniecher,1346612003,5,blue,blonde,light,2322394,175.94135802469137,94.05864197530865,98.27854938271605
lipstick,IT Cosmetics Pillow Lips Collagen-Infused Lipstick,24.0,skinza,10601743535,5,brown,brunette,tan,2322394,175.94135802469137,94.05864197530865,98.27854938271605
lipstick,IT Cosmetics Pillow Lips Collagen-Infused Lipstick,24.0,france1977,23967849829,5,brown,brunette,olive,2322394,175.94135802469137,94.05864197530865,98.27854938271605
lipstick,IT Cosmetics Pillow Lips Collagen-Infused Lipstick,24.0,misty01,22948959866,5,blue,blonde,medium,2322147,199.89506172839506,19.4375,44.847993827160494
lipstick,IT Cosmetics Pillow Lips Collagen-Infused Lipstick,24.0,krystenb,1857142818,5,green,brunette,olive,2322394,175.94135802469137,94.05864197530865,98.27854938271605
lipstick,IT Cosmetics Pillow Lips Collagen-Infused Lipstick,24.0,nagamboa70,1356494219,5,brown,brunette,medium,2322360,177.33179012345678,79.26851851851852,83.45601851851852
lipstick,IT Cosmetics Pillow Lips Collagen-Infused Lipstick,24.0,OutspokenK,5880186822,5,brown,black,deep,2322220,185.07638888888889,85.99074074074075,90.05941358024691
lipstick,IT Cosmetics Pillow Lips Collagen-Infused Lipstick,24.0,farmer1,23297541374,5,brown,brunette,medium,2322394,175.94135802469137,94.05864197530865,98.27854938271605
lipstick,IT Cosmetics Pillow Lips Collagen-Infused Lipstick,24.0,VanessaCam,6137370080,5,green,blonde,light,2322394,175.94135802469137,94.05864197530865,98.27854938271605
lipstick,IT Cosmetics Pillow Lips Collagen-Infused Lipstick,24.0,sherabbit36,2574271966,5,brown,brunette,medium,2322220,185.07638888888889,85.99074074074075,90.05941358024691
lipstick,IT Cosmetics Pillow Lips Collagen-Infused Lipstick,24.0,crisb2002,1688078720,5,blue,brunette,light,2322394,175.94135802469137,94.05864197530865,98.27854938271605
lipstick,IT Cosmetics Pillow Lips Collagen-Infused Lipstick,24.0,Cbme61,8285762297,5,brown,black,deep,2322238,225.1520061728395,65.85725308641975,87.78858024691358
lipstick,IT Cosmetics Pillow Lips Collagen-Infused Lipstick,24.0,KaylaKo,6677738205,5,blue,blonde,fair,2322360,177.33179012345678,79.26851851851852,83.45601851851852
lipstick,IT Cosmetics Pillow Lips Collagen-Infused Lipstick,24.0,amandamerri,11081109023,5,brown,brunette,olive,2322329,202.3695987654321,97.83333333333333,123.5
lipstick,IT Cosmetics Pillow Lips Collagen-Infused Lipstick,24.0,nc2bkneaded,8423249423,5,hazel,brunette,light,2322238,225.1520061728395,65.85725308641975,87.78858024691358
lipstick,IT Cosmetics Pillow Lips Collagen-Infused Lipstick,24.0,AlannaLana,24099009195,5,hazel,red,fair,2322394,175.94135802469137,94.05864197530865,98.27854938271605
lipstick,IT Cosmetics Pillow Lips Collagen-Infused Lipstick,24.0,Hopeso,8889558119,5,hazel,brunette,light,2322394,175.94135802469137,94.05864197530865,98.27854938271605
lipstick,IT Cosmetics Pillow Lips Collagen-Infused Lipstick,24.0,behealthy,1589630660,5,green,blonde,light,2322139,204.5655864197531,66.65354938271605,90.17515432098766
lipstick,IT Cosmetics Pillow Lips Collagen-Infused Lipstick,24.0,Stefinreffa,10175368139,5,green,auburn,light,2322220,185.07638888888889,85.99074074074075,90.05941358024691
lipstick,IT Cosmetics Pillow Lips Collagen-Infused Lipstick,24.0,Kapowwow1030,7999735289,5,brown,brunette,medium,2322246,211.44135802469137,77.01157407407408,107.3070987654321
lipstick,IT Cosmetics Pillow Lips Collagen-Infused Lipstick,24.0,SahanaM,2635411458,5,brown,black,tan,2322394,175.94135802469137,94.05864197530865,98.27854938271605
lipstick,IT Cosmetics Pillow Lips Collagen-Infused Lipstick,24.0,rachel501,24766466345,5,brown,blonde,olive,2322295,195.28009259259258,96.41203703703704,98.7608024691358
lipstick,IT Cosmetics Pillow Lips Collagen-Infused Lipstick,24.0,kittiguerra77,10463930864,5,brown,red,light,2322394,175.94135802469137,94.05864197530865,98.27854938271605
lipstick,IT Cosmetics Pillow Lips Collagen-Infused Lipstick,24.0,minniefhyfw,23387948080,5,blue,brunette,porcelain,2322394,175.94135802469137,94.05864197530865,98.27854938271605
lipstick,IT Cosmetics Pillow Lips Collagen-Infused Lipstick,24.0,Txmom12,1496263788,5,blue,brunette,light,2322147,199.89506172839506,19.4375,44.847993827160494
lipstick,IT Cosmetics Pillow Lips Collagen-Infused Lipstick,24.0,carlia,5116470010,5,brown,brunette,fair,2322287,216.59104938271605,59.344907407407405,81.39351851851852
lipstick,IT Cosmetics Pillow Lips Collagen-Infused Lipstick,24.0,Mommabear459,12019826967,5,brown,blonde,olive,2322394,175.94135802469137,94.05864197530865,98.27854938271605
lipstick,IT Cosmetics Pillow Lips Collagen-Infused Lipstick,24.0,Kathleen54481,22946157033,5,brown,brunette,medium,2322220,185.07638888888889,85.99074074074075,90.05941358024691
lipstick,IT Cosmetics Pillow Lips Collagen-Infused Lipstick,24.0,ChloeLHawkings,23866311980,5,blue,brunette,light,2322121,156.45293209876544,52.27237654320987,56.47067901234568
lipstick,IT Cosmetics Pillow Lips Collagen-Infused Lipstick,24.0,AmandaBarretto,21945539958,5,brown,black,deep,2322212,164.15663580246914,58.560956790123456,62.86651234567901
lipstick,IT Cosmetics Pillow Lips Collagen-Infused Lipstick,24.0,,11121455352,5,green,blonde,fair,2322394,175.94135802469137,94.05864197530865,98.27854938271605
lipstick,IT Cosmetics Pillow Lips Collagen-Infused Lipstick,24.0,Bargene49,7232809487,5,brown,black,light,2322238,225.1520061728395,65.85725308641975,87.78858024691358
lipstick,IT Cosmetics Pillow Lips Collagen-Infused Lipstick,24.0,xxXKatsXxx,24715288514,5,hazel,auburn,porcelain,2322394,175.94135802469137,94.05864197530865,98.27854938271605
lipstick,IT Cosmetics Pillow Lips Collagen-Infused Lipstick,24.0,nab165,2459652664,5,blue,blonde,medium,2322238,225.1520061728395,65.85725308641975,87.78858024691358
lipstick,IT Cosmetics Pillow Lips Collagen-Infused Lipstick,24.0,UNoit,21775846561,5,green,blonde,light,2322394,175.94135802469137,94.05864197530865,98.27854938271605
lipstick,IT Cosmetics Pillow Lips Collagen-Infused Lipstick,24.0,girlygirl3047,1081661560,5,brown,brunette,olive,2322303,170.60570987654322,70.1766975308642,91.20293209876543
lipstick,IT Cosmetics Pillow Lips Collagen-Infused Lipstick,24.0,kiki920,1672842855,5,brown,brunette,light,2322394,175.94135802469137,94.05864197530865,98.27854938271605
lipstick,IT Cosmetics Pillow Lips Collagen-Infused Lipstick,24.0,,5077240618,5,,blonde,light,2322394,175.94135802469137,94.05864197530865,98.27854938271605
lipstick,IT Cosmetics Pillow Lips Collagen-Infused Lipstick,24.0,jmlukas,6982078653,5,brown,brunette,light,2322279,191.3618827160494,13.541666666666666,38.84722222222222
lipstick,IT Cosmetics Pillow Lips Collagen-Infused Lipstick,24.0,sherep,2310871067,5,hazel,brunette,medium,2322394,175.94135802469137,94.05864197530865,98.27854938271605
lipstick,IT Cosmetics Pillow Lips Collagen-Infused Lipstick,24.0,sabs8907,7723609413,5,brown,auburn,fair,2322394,175.94135802469137,94.05864197530865,98.27854938271605
lipstick,IT Cosmetics Pillow Lips Collagen-Infused Lipstick,24.0,dawnferber85,24806570612,5,brown,brunette,fair,2322394,175.94135802469137,94.05864197530865,98.27854938271605
lipstick,IT Cosmetics Pillow Lips Collagen-Infused Lipstick,24.0,seegs,7096780174,5,blue,blonde,fair,2322360,177.33179012345678,79.26851851851852,83.45601851851852
lipstick,IT Cosmetics Pillow Lips Collagen-Infused Lipstick,24.0,Dan98,24956151828,5,green,brunette,light,2322394,175.94135802469137,94.05864197530865,98.27854938271605
lipstick,IT Cosmetics Pillow Lips Collagen-Infused Lipstick,24.0,bethie53,2389756073,5,brown,brunette,light,2322238,225.1520061728395,65.85725308641975,87.78858024691358
lipstick,IT Cosmetics Pillow Lips Collagen-Infused Lipstick,24.0,RachelMatuse,9856072957,5,brown,brunette,light,2322360,177.33179012345678,79.26851851851852,83.45601851851852
lipstick,IT Cosmetics Pillow Lips Collagen-Infused Lipstick,24.0,tjl1118,1788073203,5,hazel,blonde,medium,2322220,185.07638888888889,85.99074074074075,90.05941358024691
lipstick,IT Cosmetics Pillow Lips Collagen-Infused Lipstick,24.0,1mainejoanne,22983252988,5,green,blonde,fair,2322287,216.59104938271605,59.344907407407405,81.39351851851852
lipstick,IT Cosmetics Pillow Lips Collagen-Infused Lipstick,24.0,msalinas99,5278807533,5,brown,brunette,light,2322394,175.94135802469137,94.05864197530865,98.27854938271605
lipstick,IT Cosmetics Pillow Lips Collagen-Infused Lipstick,24.0,MrsJarrett,23151595666,5,brown,brunette,tan,2322238,225.1520061728395,65.85725308641975,87.78858024691358
lipstick,IT Cosmetics Pillow Lips Collagen-Infused Lipstick,24.0,Bargene49,7232809487,5,brown,black,light,2322287,216.59104938271605,59.344907407407405,81.39351851851852
lipstick,IT Cosmetics Pillow Lips Collagen-Infused Lipstick,24.0,jeslfox,2167936720,5,blue,brunette,fair,2322220,185.07638888888889,85.99074074074075,90.05941358024691
lipstick,IT Cosmetics Pillow Lips Collagen-Infused Lipstick,24.0,Snowflake2017,9079130218,5,blue,brunette,fair,2322220,185.07638888888889,85.99074074074075,90.05941358024691
lipstick,IT Cosmetics Pillow Lips Collagen-Infused Lipstick,24.0,skruvelis239,6972950333,5,green,blonde,tan,2322238,225.1520061728395,65.85725308641975,87.78858024691358
lipstick,IT Cosmetics Pillow Lips Collagen-Infused Lipstick,24.0,mainejoanne,8631261935,5,green,auburn,fair,2322238,225.1520061728395,65.85725308641975,87.78858024691358
lipstick,IT Cosmetics Pillow Lips Collagen-Infused Lipstick,24.0,Iheartmeshell,9231999265,5,hazel,blonde,medium,2322238,225.1520061728395,65.85725308641975,87.78858024691358
lipstick,IT Cosmetics Pillow Lips Collagen-Infused Lipstick,24.0,BeccaAnne4,6952198915,5,blue,blonde,light,2322329,202.3695987654321,97.83333333333333,123.5
lipstick,IT Cosmetics Pillow Lips Collagen-Infused Lipstick,24.0,CrystalS86,5339047329,5,blue,blonde,light,2322238,225.1520061728395,65.85725308641975,87.78858024691358
lipstick,IT Cosmetics Pillow Lips Collagen-Infused Lipstick,24.0,nicolezub5,2656690959,5,hazel,brunette,light,2322238,225.1520061728395,65.85725308641975,87.78858024691358
lipstick,IT Cosmetics Pillow Lips Collagen-Infused Lipstick,24.0,avaJoy2015,23318546807,5,hazel,brunette,medium,2322147,199.89506172839506,19.4375,44.847993827160494
lipstick,IT Cosmetics Pillow Lips Collagen-Infused Lipstick,24.0,Zorrilla,23027005687,5,hazel,black,medium,2322394,175.94135802469137,94.05864197530865,98.27854938271605
lipstick,IT Cosmetics Pillow Lips Collagen-Infused Lipstick,24.0,Dhivi,11280064031,5,brown,black,medium,2322170,200.93132716049382,57.40354938271605,107.69753086419753
lipstick,IT Cosmetics Pillow Lips Collagen-Infused Lipstick,24.0,colenicole,5575669253,5,green,black,medium,2322394,175.94135802469137,94.05864197530865,98.27854938271605
lipstick,IT Cosmetics Pillow Lips Collagen-Infused Lipstick,24.0,mommyshu,2228907765,5,brown,brunette,light,2322394,175.94135802469137,94.05864197530865,98.27854938271605
lipstick,IT Cosmetics Pillow Lips Collagen-Infused Lipstick,24.0,crazyk1990,23068217292,5,brown,auburn,dark,2322287,216.59104938271605,59.344907407407405,81.39351851851852
lipstick,IT Cosmetics Pillow Lips Collagen-Infused Lipstick,24.0,J2juroun27780,24755243007,5,brown,black,medium,2322394,175.94135802469137,94.05864197530865,98.27854938271605
lipstick,IT Cosmetics Pillow Lips Collagen-Infused Lipstick,24.0,Kirs10McC,8926543973,5,blue,brunette,fair,2322360,177.33179012345678,79.26851851851852,83.45601851851852
lipstick,IT Cosmetics Pillow Lips Collagen-Infused Lipstick,24.0,cjmussy,11769592776,5,brown,brunette,medium,2322378,136.38966049382717,38.2445987654321,62.108024691358025
lipstick,IT Cosmetics Pillow Lips Collagen-Infused Lipstick,24.0,rozemary9662,22861924522,5,green,auburn,medium,2322394,175.94135802469137,94.05864197530865,98.27854938271605
lipstick,IT Cosmetics Pillow Lips Collagen-Infused Lipstick,24.0,bdogg1252,25154978664,5,blue,brunette,porcelain,2322394,175.94135802469137,94.05864197530865,98.27854938271605
lipstick,IT Cosmetics Pillow Lips Collagen-Infused Lipstick,24.0,decodahlia,1018152883,5,hazel,brunette,light,2322261,196.6658950617284,59.85725308641975,83.69444444444444
lipstick,IT Cosmetics Pillow Lips Collagen-Infused Lipstick,24.0,ashleyR05,23648820498,5,brown,brunette,fair,2322394,175.94135802469137,94.05864197530865,98.27854938271605
lipstick,IT Cosmetics Pillow Lips Collagen-Infused Lipstick,24.0,Blondie1969,24905025793,5,blue,brunette,medium,2322394,175.94135802469137,94.05864197530865,98.27854938271605
lipstick,IT Cosmetics Pillow Lips Collagen-Infused Lipstick,24.0,Rosma,1382251650,5,hazel,brunette,light,2322311,168.66743827160494,87.19135802469135,91.51311728395062
lipstick,IT Cosmetics Pillow Lips Collagen-Infused Lipstick,24.0,SamySays,22682467531,5,brown,brunette,medium,2322394,175.94135802469137,94.05864197530865,98.27854938271605
lipstick,IT Cosmetics Pillow Lips Collagen-Infused Lipstick,24.0,kriss19,1547380203,5,hazel,brunette,medium,2322188,150.75694444444446,54.03086419753087,93.9375
lipstick,IT Cosmetics Pillow Lips Collagen-Infused Lipstick,24.0,sherlock1220,1006093099,5,blue,blonde,porcelain,2322154,178.0810185185185,76.1820987654321,97.51929012345678
lipstick,IT Cosmetics Pillow Lips Collagen-Infused Lipstick,24.0,SalvadorDali,5520713190,5,hazel,auburn,fair,2322261,196.6658950617284,59.85725308641975,83.69444444444444
lipstick,IT Cosmetics Pillow Lips Collagen-Infused Lipstick,24.0,JewelsRocks1974,5078372328,5,brown,auburn,light,2322139,204.5655864197531,66.65354938271605,90.17515432098766
lipstick,IT Cosmetics Pillow Lips Collagen-Infused Lipstick,24.0,Greendaygrl,21252644478,5,brown,blonde,light,2322238,225.1520061728395,65.85725308641975,87.78858024691358
lipstick,IT Cosmetics Pillow Lips Collagen-Infused Lipstick,24.0,tracy5637,5380697069,5,blue,blonde,porcelain,2322394,175.94135802469137,94.05864197530865,98.27854938271605
lipstick,IT Cosmetics Pillow Lips Collagen-Infused Lipstick,24.0,Pichuuub,5101627630,5,brown,brunette,medium,2322394,175.94135802469137,94.05864197530865,98.27854938271605
lipstick,IT Cosmetics Pillow Lips Collagen-Infused Lipstick,24.0,ready10,1897295484,5,brown,black,medium,2322394,175.94135802469137,94.05864197530865,98.27854938271605
lipstick,IT Cosmetics Pillow Lips Collagen-Infused Lipstick,24.0,cheeseheadzmama,8007274080,5,brown,brunette,medium,2322287,216.59104938271605,59.344907407407405,81.39351851851852
lipstick,IT Cosmetics Pillow Lips Collagen-Infused Lipstick,24.0,queenCC13,21387739225,5,blue,blonde,fair,2322147,199.89506172839506,19.4375,44.847993827160494
lipstick,IT Cosmetics Pillow Lips Collagen-Infused Lipstick,24.0,ml3KiiKii,11831402296,5,green,brunette,medium,2322212,164.15663580246914,58.560956790123456,62.86651234567901
lipstick,IT Cosmetics Pillow Lips Collagen-Infused Lipstick,24.0,AbbyGabbie,5379618337,5,blue,blonde,light,2322246,211.44135802469137,77.01157407407408,107.3070987654321
lipstick,IT Cosmetics Pillow Lips Collagen-Infused Lipstick,24.0,suly09,22106302475,5,brown,black,medium,2322329,202.3695987654321,97.83333333333333,123.5
lipstick,IT Cosmetics Pillow Lips Collagen-Infused Lipstick,24.0,tracy5637,5380697069,5,blue,blonde,porcelain,2322394,175.94135802469137,94.05864197530865,98.27854938271605
lipstick,IT Cosmetics Pillow Lips Collagen-Infused Lipstick,24.0,Jadakiss319,1060354968,5,green,brunette,medium,2322147,199.89506172839506,19.4375,44.847993827160494
lipstick,IT Cosmetics Pillow Lips Collagen-Infused Lipstick,24.0,Lokita2177,5566510580,5,brown,brunette,deep,2322329,202.3695987654321,97.83333333333333,123.5
lipstick,IT Cosmetics Pillow Lips Collagen-Infused Lipstick,24.0,JulieWilliams,23278224775,5,hazel,brunette,fair,2322394,175.94135802469137,94.05864197530865,98.27854938271605
lipstick,IT Cosmetics Pillow Lips Collagen-Infused Lipstick,24.0,cheeseheadzmama,8007274080,5,brown,brunette,medium,2322287,216.59104938271605,59.344907407407405,81.39351851851852
lipstick,IT Cosmetics Pillow Lips Collagen-Infused Lipstick,24.0,xocherieox1226,6481748708,5,hazel,brunette,light,2322394,175.94135802469137,94.05864197530865,98.27854938271605
lipstick,IT Cosmetics Pillow Lips Collagen-Infused Lipstick,24.0,ml3KiiKii,11831402296,5,green,brunette,medium,2322212,164.15663580246914,58.560956790123456,62.86651234567901
lipstick,IT Cosmetics Pillow Lips Collagen-Infused Lipstick,24.0,Zorrilla,23027005687,5,hazel,black,medium,2322220,185.07638888888889,85.99074074074075,90.05941358024691
lipstick,IT Cosmetics Pillow Lips Collagen-Infused Lipstick,24.0,Pichuuub,5101627630,5,brown,brunette,medium,2322394,175.94135802469137,94.05864197530865,98.27854938271605
lipstick,IT Cosmetics Pillow Lips Collagen-Infused Lipstick,24.0,ready10,1897295484,5,brown,black,medium,2322394,175.94135802469137,94.05864197530865,98.27854938271605
lipstick,IT Cosmetics Pillow Lips Collagen-Infused Lipstick,24.0,dkd868,1957251816,5,green,auburn,light,2322147,199.89506172839506,19.4375,44.847993827160494
lipstick,IT Cosmetics Pillow Lips Collagen-Infused Lipstick,24.0,,1831290350,5,brown,black,olive,2322147,199.89506172839506,19.4375,44.847993827160494
lipstick,IT Cosmetics Pillow Lips Collagen-Infused Lipstick,24.0,queenCC13,21387739225,5,blue,blonde,fair,2322147,199.89506172839506,19.4375,44.847993827160494
lipstick,IT Cosmetics Pillow Lips Collagen-Infused Lipstick,24.0,HallieAllie,11109420515,5,green,brunette,light,2322287,216.59104938271605,59.344907407407405,81.39351851851852
lipstick,IT Cosmetics Pillow Lips Collagen-Infused Lipstick,24.0,angieyahne,24116092417,5,brown,brunette,medium,2322394,175.94135802469137,94.05864197530865,98.27854938271605
lipstick,IT Cosmetics Pillow Lips Collagen-Infused Lipstick,24.0,artistrybyve,10473918781,5,brown,brunette,medium,2322394,175.94135802469137,94.05864197530865,98.27854938271605
lipstick,IT Cosmetics Pillow Lips Collagen-Infused Lipstick,24.0,AmyD1985,22171581970,5,brown,brunette,fair,2322147,199.89506172839506,19.4375,44.847993827160494
lipstick,IT Cosmetics Pillow Lips Collagen-Infused Lipstick,24.0,suly09,22106302475,5,brown,black,medium,2322329,202.3695987654321,97.83333333333333,123.5
lipstick,IT Cosmetics Pillow Lips Collagen-Infused Lipstick,24.0,beautyme82,5470921050,5,brown,brunette,light,2322246,211.44135802469137,77.01157407407408,107.3070987654321
lipstick,IT Cosmetics Pillow Lips Collagen-Infused Lipstick,24.0,LoLyta2307,23958721027,5,brown,brunette,tan,2322279,191.3618827160494,13.541666666666666,38.84722222222222
lipstick,IT Cosmetics Pillow Lips Collagen-Infused Lipstick,24.0,Cisforclear,25104138655,5,blue,blonde,fair,2322162,202.24845679012347,102.67824074074075,105.08024691358025
lipstick,IT Cosmetics Pillow Lips Collagen-Infused Lipstick,24.0,stephydelpy,9935252473,5,green,brunette,porcelain,2322246,211.44135802469137,77.01157407407408,107.3070987654321
lipstick,IT Cosmetics Pillow Lips Collagen-Infused Lipstick,24.0,slimcakes504,22946453860,5,hazel,brunette,fair,2322220,185.07638888888889,85.99074074074075,90.05941358024691
lipstick,IT Cosmetics Pillow Lips Collagen-Infused Lipstick,24.0,queenCC13,21387739225,5,blue,blonde,fair,2322352,216.0625,29.57638888888889,36.210648148148145
lipstick,IT Cosmetics Pillow Lips Collagen-Infused Lipstick,24.0,callie06,2062094182,5,blue,blonde,medium,2322220,185.07638888888889,85.99074074074075,90.05941358024691
lipstick,IT Cosmetics Pillow Lips Collagen-Infused Lipstick,24.0,Mjmj17,1705188703,5,blue,blonde,light,2322246,211.44135802469137,77.01157407407408,107.3070987654321
lipstick,IT Cosmetics Pillow Lips Collagen-Infused Lipstick,24.0,StephanieW304,12668504378,5,brown,blonde,light,2322311,168.66743827160494,87.19135802469135,91.51311728395062
lipstick,IT Cosmetics Pillow Lips Collagen-Infused Lipstick,24.0,jmiranda181,6644319121,5,brown,black,medium,2322220,185.07638888888889,85.99074074074075,90.05941358024691
lipstick,IT Cosmetics Pillow Lips Collagen-Infused Lipstick,24.0,bellexkp,20232359072,5,brown,brunette,medium,2322238,225.1520061728395,65.85725308641975,87.78858024691358
lipstick,IT Cosmetics Pillow Lips Collagen-Infused Lipstick,24.0,RedRogue1,2018015192,5,green,red,fair,2322311,168.66743827160494,87.19135802469135,91.51311728395062
lipstick,IT Cosmetics Pillow Lips Collagen-Infused Lipstick,24.0,MidgieCA,6140027686,5,green,red,fair,2322394,175.94135802469137,94.05864197530865,98.27854938271605
lipstick,IT Cosmetics Pillow Lips Collagen-Infused Lipstick,24.0,mkay08,989501047,5,blue,blonde,medium,2322220,185.07638888888889,85.99074074074075,90.05941358024691
lipstick,IT Cosmetics Pillow Lips Collagen-Infused Lipstick,24.0,MyMyMyMy,1568094457,5,brown,blonde,medium,2322394,175.94135802469137,94.05864197530865,98.27854938271605
lipstick,IT Cosmetics Pillow Lips Collagen-Infused Lipstick,24.0,Silentrose,7153924345,5,brown,brunette,medium,2322360,177.33179012345678,79.26851851851852,83.45601851851852
lipstick,IT Cosmetics Pillow Lips Collagen-Infused Lipstick,24.0,Onku82,23087869558,5,brown,brunette,fair,2322329,202.3695987654321,97.83333333333333,123.5
lipstick,IT Cosmetics Pillow Lips Collagen-Infused Lipstick,24.0,BethanySz,24159493183,5,hazel,brunette,light,2322238,225.1520061728395,65.85725308641975,87.78858024691358
lipstick,IT Cosmetics Pillow Lips Collagen-Infused Lipstick,24.0,realqueen79,8273037886,5,hazel,brunette,fair,2322394,175.94135802469137,94.05864197530865,98.27854938271605
lipstick,IT Cosmetics Pillow Lips Collagen-Infused Lipstick,24.0,ashrichelliot17,2576771874,5,hazel,blonde,light,2322238,225.1520061728395,65.85725308641975,87.78858024691358
lipstick,IT Cosmetics Pillow Lips Collagen-Infused Lipstick,24.0,sedison7125,2554500247,5,hazel,auburn,porcelain,2322394,175.94135802469137,94.05864197530865,98.27854938271605
lipstick,IT Cosmetics Pillow Lips Collagen-Infused Lipstick,24.0,hlathus,7891614653,5,green,blonde,medium,2322394,175.94135802469137,94.05864197530865,98.27854938271605
lipstick,IT Cosmetics Pillow Lips Collagen-Infused Lipstick,24.0,Cathyzw,10024305801,5,blue,gray,fair,2322261,196.6658950617284,59.85725308641975,83.69444444444444
lipstick,IT Cosmetics Pillow Lips Collagen-Infused Lipstick,24.0,ArtsyAnne,25229301178,5,blue,auburn,fair,2322238,225.1520061728395,65.85725308641975,87.78858024691358
lipstick,IT Cosmetics Pillow Lips Collagen-Infused Lipstick,24.0,LaurZ10,23265903263,5,brown,brunette,medium,2322394,175.94135802469137,94.05864197530865,98.27854938271605
lipstick,IT Cosmetics Pillow Lips Collagen-Infused Lipstick,24.0,tdtalways,21737171763,5,blue,blonde,fair,2322147,199.89506172839506,19.4375,44.847993827160494
lipstick,IT Cosmetics Pillow Lips Collagen-Infused Lipstick,24.0,Stacyizzle,1672037128,5,hazel,brunette,light,2322329,202.3695987654321,97.83333333333333,123.5
lipstick,IT Cosmetics Pillow Lips Collagen-Infused Lipstick,24.0,Sandrapants,1695826540,5,brown,black,light,2322279,191.3618827160494,13.541666666666666,38.84722222222222
lipstick,IT Cosmetics Pillow Lips Collagen-Infused Lipstick,24.0,cjmussy,11769592776,5,brown,brunette,medium,2322360,177.33179012345678,79.26851851851852,83.45601851851852
lipstick,IT Cosmetics Pillow Lips Collagen-Infused Lipstick,24.0,madjello,1057499859,5,,blonde,fair,2322394,175.94135802469137,94.05864197530865,98.27854938271605
lipstick,IT Cosmetics Pillow Lips Collagen-Infused Lipstick,24.0,spjp8184,5896645374,5,blue,blonde,medium,2322287,216.59104938271605,59.344907407407405,81.39351851851852
lipstick,IT Cosmetics Pillow Lips Collagen-Infused Lipstick,24.0,Venom19,10376040749,5,brown,black,olive,2322394,175.94135802469137,94.05864197530865,98.27854938271605
lipstick,IT Cosmetics Pillow Lips Collagen-Infused Lipstick,24.0,nouraaaaa,11979892014,5,brown,brunette,medium,2322360,177.33179012345678,79.26851851851852,83.45601851851852
lipstick,IT Cosmetics Pillow Lips Collagen-Infused Lipstick,24.0,SnowyFox,5677010495,4,brown,black,fair,2322147,199.89506172839506,19.4375,44.847993827160494
lipstick,IT Cosmetics Pillow Lips Collagen-Infused Lipstick,24.0,lacyloo222,2040855951,4,blue,red,light,2322238,225.1520061728395,65.85725308641975,87.78858024691358
lipstick,IT Cosmetics Pillow Lips Collagen-Infused Lipstick,24.0,SmartCass,2551102088,4,brown,black,light,2322220,185.07638888888889,85.99074074074075,90.05941358024691
lipstick,IT Cosmetics Pillow Lips Collagen-Infused Lipstick,24.0,MonicaD93,24904122019,4,blue,brunette,medium,2322394,175.94135802469137,94.05864197530865,98.27854938271605
lipstick,IT Cosmetics Pillow Lips Collagen-Infused Lipstick,24.0,Ctj5,24916141126,4,hazel,brunette,porcelain,2322246,211.44135802469137,77.01157407407408,107.3070987654321
lipstick,IT Cosmetics Pillow Lips Collagen-Infused Lipstick,24.0,Junegirl01,22670611838,4,blue,blonde,light,2322238,225.1520061728395,65.85725308641975,87.78858024691358
lipstick,IT Cosmetics Pillow Lips Collagen-Infused Lipstick,24.0,birdmadgirl74,1563211902,4,gray,auburn,porcelain,2322303,170.60570987654322,70.1766975308642,91.20293209876543
lipstick,IT Cosmetics Pillow Lips Collagen-Infused Lipstick,24.0,cicii23,12502462367,4,,,medium,2322287,216.59104938271605,59.344907407407405,81.39351851851852
lipstick,IT Cosmetics Pillow Lips Collagen-Infused Lipstick,24.0,kayemjay,2342415888,4,blue,blonde,fair,2322246,211.44135802469137,77.01157407407408,107.3070987654321
lipstick,IT Cosmetics Pillow Lips Collagen-Infused Lipstick,24.0,Nabs2,25104314851,4,brown,brunette,medium,2322311,168.66743827160494,87.19135802469135,91.51311728395062
lipstick,IT Cosmetics Pillow Lips Collagen-Infused Lipstick,24.0,AJaneA285,20325966896,4,blue,brunette,fair,2322394,175.94135802469137,94.05864197530865,98.27854938271605
lipstick,IT Cosmetics Pillow Lips Collagen-Infused Lipstick,24.0,Brat859,25016886860,4,hazel,brunette,light,2322246,211.44135802469137,77.01157407407408,107.3070987654321
lipstick,IT Cosmetics Pillow Lips Collagen-Infused Lipstick,24.0,veronika23,1096600019,4,,,light,2322394,175.94135802469137,94.05864197530865,98.27854938271605
lipstick,IT Cosmetics Pillow Lips Collagen-Infused Lipstick,24.0,JessNowlin,6083036661,4,green,auburn,light,2322147,199.89506172839506,19.4375,44.847993827160494
lipstick,IT Cosmetics Pillow Lips Collagen-Infused Lipstick,24.0,MonicaC1981,1134661557,4,blue,blonde,light,2322220,185.07638888888889,85.99074074074075,90.05941358024691
lipstick,IT Cosmetics Pillow Lips Collagen-Infused Lipstick,24.0,kkcrank,1370120537,4,brown,brunette,medium,2322246,211.44135802469137,77.01157407407408,107.3070987654321
lipstick,IT Cosmetics Pillow Lips Collagen-Infused Lipstick,24.0,HorseShowMom2,25002223737,4,green,brunette,fair,2322394,175.94135802469137,94.05864197530865,98.27854938271605
lipstick,IT Cosmetics Pillow Lips Collagen-Infused Lipstick,24.0,sheal34,9537988478,4,brown,brunette,light,2322238,225.1520061728395,65.85725308641975,87.78858024691358
lipstick,IT Cosmetics Pillow Lips Collagen-Infused Lipstick,24.0,claudomana1,5155780875,4,brown,black,tan,2322220,185.07638888888889,85.99074074074075,90.05941358024691
lipstick,IT Cosmetics Pillow Lips Collagen-Infused Lipstick,24.0,pammy22,2328092297,4,brown,brunette,light,2322360,177.33179012345678,79.26851851851852,83.45601851851852
lipstick,IT Cosmetics Pillow Lips Collagen-Infused Lipstick,24.0,SportyGirly125,5420447921,4,brown,brunette,light,2322394,175.94135802469137,94.05864197530865,98.27854938271605
lipstick,IT Cosmetics Pillow Lips Collagen-Infused Lipstick,24.0,SunkissedBeach,5328666649,4,hazel,blonde,light,2322121,156.45293209876544,52.27237654320987,56.47067901234568
lipstick,IT Cosmetics Pillow Lips Collagen-Infused Lipstick,24.0,SJ84,23167850141,4,brown,brunette,deep,2322220,185.07638888888889,85.99074074074075,90.05941358024691
lipstick,IT Cosmetics Pillow Lips Collagen-Infused Lipstick,24.0,gabby715,20098417954,4,blue,brunette,light,2322394,175.94135802469137,94.05864197530865,98.27854938271605
lipstick,IT Cosmetics Pillow Lips Collagen-Infused Lipstick,24.0,Ctj5,24916141126,4,hazel,brunette,porcelain,2322329,202.3695987654321,97.83333333333333,123.5
lipstick,IT Cosmetics Pillow Lips Collagen-Infused Lipstick,24.0,Lalalalacey,2194623287,4,brown,blonde,light,2322238,225.1520061728395,65.85725308641975,87.78858024691358
lipstick,IT Cosmetics Pillow Lips Collagen-Infused Lipstick,24.0,villasano,1746098954,4,brown,brunette,tan,2322329,202.3695987654321,97.83333333333333,123.5
lipstick,IT Cosmetics Pillow Lips Collagen-Infused Lipstick,24.0,GigiAguirre,5952037308,4,brown,brunette,light,2322360,177.33179012345678,79.26851851851852,83.45601851851852
lipstick,IT Cosmetics Pillow Lips Collagen-Infused Lipstick,24.0,DannyV82,5727107394,4,green,brunette,light,2322329,202.3695987654321,97.83333333333333,123.5
lipstick,IT Cosmetics Pillow Lips Collagen-Infused Lipstick,24.0,Kelle1,5466037089,4,blue,red,light,2322147,199.89506172839506,19.4375,44.847993827160494
lipstick,IT Cosmetics Pillow Lips Collagen-Infused Lipstick,24.0,Khaied,6521243966,4,,black,fair,2322246,211.44135802469137,77.01157407407408,107.3070987654321
lipstick,IT Cosmetics Pillow Lips Collagen-Infused Lipstick,24.0,karlz23,6687966374,4,green,blonde,light,2322394,175.94135802469137,94.05864197530865,98.27854938271605
lipstick,IT Cosmetics Pillow Lips Collagen-Infused Lipstick,24.0,livefreeorwhy,1297406335,4,brown,auburn,light,2322394,175.94135802469137,94.05864197530865,98.27854938271605
lipstick,IT Cosmetics Pillow Lips Collagen-Infused Lipstick,24.0,kimberly1219,6667087489,4,brown,auburn,light,2322147,199.89506172839506,19.4375,44.847993827160494
lipstick,IT Cosmetics Pillow Lips Collagen-Infused Lipstick,24.0,kaymob254,22964942224,4,brown,brunette,dark,2322394,175.94135802469137,94.05864197530865,98.27854938271605
lipstick,IT Cosmetics Pillow Lips Collagen-Infused Lipstick,24.0,lilmomma86,22186254284,4,green,brunette,light,2322147,199.89506172839506,19.4375,44.847993827160494
lipstick,IT Cosmetics Pillow Lips Collagen-Infused Lipstick,24.0,Gee18,24907620971,4,brown,brunette,tan,2322246,211.44135802469137,77.01157407407408,107.3070987654321
lipstick,IT Cosmetics Pillow Lips Collagen-Infused Lipstick,24.0,yrrenee,5546082511,3,brown,brunette,medium,2322238,225.1520061728395,65.85725308641975,87.78858024691358
lipstick,IT Cosmetics Pillow Lips Collagen-Infused Lipstick,24.0,greeneyedgirl107,1432001315,3,green,brunette,light,2322139,204.5655864197531,66.65354938271605,90.17515432098766
lipstick,IT Cosmetics Pillow Lips Collagen-Infused Lipstick,24.0,KariganR,22842118044,3,blue,brunette,light,2322360,177.33179012345678,79.26851851851852,83.45601851851852
lipstick,IT Cosmetics Pillow Lips Collagen-Infused Lipstick,24.0,BilTheQis,11759661367,3,brown,black,ebony,2322238,225.1520061728395,65.85725308641975,87.78858024691358
lipstick,IT Cosmetics Pillow Lips Collagen-Infused Lipstick,24.0,Rachael4312,23322401123,3,brown,black,medium,2322394,175.94135802469137,94.05864197530865,98.27854938271605
lipstick,IT Cosmetics Pillow Lips Collagen-Infused Lipstick,24.0,MariaOC,6738904474,3,brown,brunette,medium,2322394,175.94135802469137,94.05864197530865,98.27854938271605
lipstick,IT Cosmetics Pillow Lips Collagen-Infused Lipstick,24.0,thelonelyguava,1748813008,3,brown,auburn,porcelain,2322295,195.28009259259258,96.41203703703704,98.7608024691358
lipstick,IT Cosmetics Pillow Lips Collagen-Infused Lipstick,24.0,littlepanda27,2754224723,3,brown,black,medium,2322329,202.3695987654321,97.83333333333333,123.5
lipstick,IT Cosmetics Pillow Lips Collagen-Infused Lipstick,24.0,greeneyedgirl107,1432001315,2,green,brunette,light,2322329,202.3695987654321,97.83333333333333,123.5
lipstick,IT Cosmetics Pillow Lips Collagen-Infused Lipstick,24.0,rostiensf,1063704494,2,blue,blonde,light,2322303,170.60570987654322,70.1766975308642,91.20293209876543
lipstick,IT Cosmetics Pillow Lips Collagen-Infused Lipstick,24.0,simplysaam67,1880874239,2,brown,brunette,light,2322238,225.1520061728395,65.85725308641975,87.78858024691358
lipstick,IT Cosmetics Pillow Lips Collagen-Infused Lipstick,24.0,nenaginabeauty,1022196768,1,brown,brunette,medium,2322394,175.94135802469137,94.05864197530865,98.27854938271605
